-- playgg SQLite dump
-- Generated: 2026-05-21T23:44:48+00:00

PRAGMA foreign_keys=OFF;
BEGIN TRANSACTION;

CREATE TABLE "cache" ("key" varchar not null, "value" text not null, "expiration" integer not null, primary key ("key"));


CREATE TABLE "cache_locks" ("key" varchar not null, "owner" varchar not null, "expiration" integer not null, primary key ("key"));


CREATE TABLE "cart_items" ("id" integer primary key autoincrement not null, "cart_id" integer not null, "product_id" integer not null, "quantity" integer not null default '1', "created_at" datetime, "updated_at" datetime, foreign key("cart_id") references "carts"("id") on delete cascade, foreign key("product_id") references "products"("id") on delete cascade);


CREATE TABLE "carts" ("id" integer primary key autoincrement not null, "user_id" integer not null, "created_at" datetime, "updated_at" datetime, foreign key("user_id") references "users"("id") on delete cascade);

INSERT INTO "carts" ("id", "user_id", "created_at", "updated_at") VALUES ('1', '1', '2026-05-15 20:52:54', '2026-05-15 20:52:54');

CREATE TABLE "categories" ("id" integer primary key autoincrement not null, "name" varchar not null, "slug" varchar not null, "image" varchar, "created_at" datetime, "updated_at" datetime);

INSERT INTO "categories" ("id", "name", "slug", "image", "created_at", "updated_at") VALUES ('1', 'Экшены', 'action', NULL, '2026-05-15 19:56:58', '2026-05-15 19:56:58');
INSERT INTO "categories" ("id", "name", "slug", "image", "created_at", "updated_at") VALUES ('2', 'RPG', 'rpg', NULL, '2026-05-15 19:56:58', '2026-05-15 19:56:58');
INSERT INTO "categories" ("id", "name", "slug", "image", "created_at", "updated_at") VALUES ('3', 'Стратегии', 'strategy', NULL, '2026-05-15 19:56:58', '2026-05-15 19:56:58');
INSERT INTO "categories" ("id", "name", "slug", "image", "created_at", "updated_at") VALUES ('4', 'Предзаказы', 'preorder', NULL, '2026-05-15 19:56:58', '2026-05-15 19:56:58');

CREATE TABLE "contact_messages" ("id" integer primary key autoincrement not null, "name" varchar not null, "email" varchar not null, "phone" varchar, "message" text not null, "is_processed" tinyint(1) not null default '0', "created_at" datetime, "updated_at" datetime);

INSERT INTO "contact_messages" ("id", "name", "email", "phone", "message", "is_processed", "created_at", "updated_at") VALUES ('1', 'дмитрий', 'qwerty@gmail.com', '+7 (951) 997-33-52', 'йцукуйцуйцуй', '1', '2026-05-15 21:57:13', '2026-05-22 01:05:05');

CREATE TABLE "failed_jobs" ("id" integer primary key autoincrement not null, "uuid" varchar not null, "connection" varchar not null, "queue" varchar not null, "payload" text not null, "exception" text not null, "failed_at" datetime not null default CURRENT_TIMESTAMP);


CREATE TABLE "job_batches" ("id" varchar not null, "name" varchar not null, "total_jobs" integer not null, "pending_jobs" integer not null, "failed_jobs" integer not null, "failed_job_ids" text not null, "options" text, "cancelled_at" integer, "created_at" integer not null, "finished_at" integer, primary key ("id"));


CREATE TABLE "jobs" ("id" integer primary key autoincrement not null, "queue" varchar not null, "payload" text not null, "attempts" integer not null, "reserved_at" integer, "available_at" integer not null, "created_at" integer not null);


CREATE TABLE "migrations" ("id" integer primary key autoincrement not null, "migration" varchar not null, "batch" integer not null);

INSERT INTO "migrations" ("id", "migration", "batch") VALUES ('1', '0001_01_01_000000_create_users_table', '1');
INSERT INTO "migrations" ("id", "migration", "batch") VALUES ('2', '0001_01_01_000001_create_cache_table', '1');
INSERT INTO "migrations" ("id", "migration", "batch") VALUES ('3', '0001_01_01_000002_create_jobs_table', '1');
INSERT INTO "migrations" ("id", "migration", "batch") VALUES ('4', '2026_05_15_100000_create_shop_tables', '1');
INSERT INTO "migrations" ("id", "migration", "batch") VALUES ('5', '2026_05_15_120000_add_is_admin_to_users_table', '1');
INSERT INTO "migrations" ("id", "migration", "batch") VALUES ('6', '2026_05_16_120000_create_steam_topups_table', '2');
INSERT INTO "migrations" ("id", "migration", "batch") VALUES ('7', '2026_05_16_140000_replace_delivery_address_with_steam_account', '3');
INSERT INTO "migrations" ("id", "migration", "batch") VALUES ('8', '2026_05_16_150000_add_checkout_fields_to_profiles', '4');
INSERT INTO "migrations" ("id", "migration", "batch") VALUES ('9', '2026_05_16_160000_create_promo_codes_and_order_discounts', '5');

CREATE TABLE "order_items" ("id" integer primary key autoincrement not null, "order_id" integer not null, "product_id" integer not null, "price" numeric not null, "quantity" integer not null default '1', "created_at" datetime, "updated_at" datetime, foreign key("order_id") references "orders"("id") on delete cascade, foreign key("product_id") references "products"("id") on delete cascade);

INSERT INTO "order_items" ("id", "order_id", "product_id", "price", "quantity", "created_at", "updated_at") VALUES ('1', '1', '14', '1999', '1', '2026-05-15 21:27:25', '2026-05-15 21:27:25');
INSERT INTO "order_items" ("id", "order_id", "product_id", "price", "quantity", "created_at", "updated_at") VALUES ('2', '1', '34', '849', '1', '2026-05-15 21:27:25', '2026-05-15 21:27:25');
INSERT INTO "order_items" ("id", "order_id", "product_id", "price", "quantity", "created_at", "updated_at") VALUES ('8', '6', '14', '1999', '1', '2026-05-22 00:58:44', '2026-05-22 00:58:44');

CREATE TABLE "orders" ("id" integer primary key autoincrement not null, "user_id" integer not null, "first_name" varchar not null, "last_name" varchar not null, "email" varchar not null, "status" varchar not null default ('pending'), "paid" tinyint(1) not null default ('0'), "payment_method" varchar not null default ('card'), "created_at" datetime, "updated_at" datetime, "steam_id" varchar, "steam_profile_url" varchar, "promo_code_id" integer, "promo_code" varchar, "subtotal" numeric, "discount_amount" numeric not null default '0', "total" numeric, foreign key("user_id") references users("id") on delete cascade on update no action, foreign key("promo_code_id") references "promo_codes"("id") on delete set null);

INSERT INTO "orders" ("id", "user_id", "first_name", "last_name", "email", "status", "paid", "payment_method", "created_at", "updated_at", "steam_id", "steam_profile_url", "promo_code_id", "promo_code", "subtotal", "discount_amount", "total") VALUES ('1', '1', 'Администратор', 'jwkfheejf', 'admin@playgg.ru', 'completed', '1', 'card', '2026-05-15 21:27:25', '2026-05-15 21:30:20', NULL, NULL, NULL, NULL, NULL, '0', NULL);
INSERT INTO "orders" ("id", "user_id", "first_name", "last_name", "email", "status", "paid", "payment_method", "created_at", "updated_at", "steam_id", "steam_profile_url", "promo_code_id", "promo_code", "subtotal", "discount_amount", "total") VALUES ('6', '1', 'Администратор', 'Гаврилов', 'admin@playgg.ru', 'processing', '1', 'card', '2026-05-22 00:58:44', '2026-05-22 00:58:44', '32313213123222111', 'https://steamcommunity.com/profiles/76561198983800124/', NULL, NULL, '1999', '0', '1999');

CREATE TABLE "password_reset_tokens" ("email" varchar not null, "token" varchar not null, "created_at" datetime, primary key ("email"));


CREATE TABLE "products" ("id" integer primary key autoincrement not null, "category_id" integer not null, "name" varchar not null, "slug" varchar not null, "price" numeric not null, "old_price" numeric, "platform" varchar not null default 'Steam', "genre" varchar, "description" text not null, "image" varchar, "available" tinyint(1) not null default '1', "is_featured" tinyint(1) not null default '0', "is_preorder" tinyint(1) not null default '0', "created_at" datetime, "updated_at" datetime, foreign key("category_id") references "categories"("id") on delete cascade);

INSERT INTO "products" ("id", "category_id", "name", "slug", "price", "old_price", "platform", "genre", "description", "image", "available", "is_featured", "is_preorder", "created_at", "updated_at") VALUES ('13', '1', 'Metro Exodus — Gold Edition', 'metro-exodus-gold', '275', NULL, 'Steam', 'Экшен', 'Постапокалиптический шутер от первого лица по мотивам романов Дмитрия Глуховского. Исследуйте обширные локации России и Казахстана на поезде «Аврора», сражайтесь с мутантами и мародёрами, выбирайте тактику скрытности или лобового боя. Gold Edition включает все сюжетные DLC («Самовар», «Весной» и «Два полковника»). Ключ Steam Region Free, мгновенная доставка на email.', 'metro-exodus-gold.jpg', '1', '1', '0', '2026-05-15 20:45:07', '2026-05-21 23:21:28');
INSERT INTO "products" ("id", "category_id", "name", "slug", "price", "old_price", "platform", "genre", "description", "image", "available", "is_featured", "is_preorder", "created_at", "updated_at") VALUES ('14', '1', 'HELLDIVERS 2', 'helldivers-2', '1999', '3999', 'Steam', 'Экшен', 'Кооперативный шутер от третьего лица на четырёх игроков от Arrowhead Game Studios. Выполняйте опасные миссии на враждебных планетах, отбивайте вторжения инопланетян и координируйте удары орбитального оружия — дружественный огонь здесь не редкость. Динамичные бои, кастомизация доспехов и постоянные обновления контента. Цифровой ключ Steam с активацией в вашем регионе.', 'helldivers-2.jpg', '1', '1', '0', '2026-05-15 20:45:07', '2026-05-21 23:21:28');
INSERT INTO "products" ("id", "category_id", "name", "slug", "price", "old_price", "platform", "genre", "description", "image", "available", "is_featured", "is_preorder", "created_at", "updated_at") VALUES ('15', '1', 'Resident Evil 4 — Gold Edition', 'resident-evil-4-gold', '2599', NULL, 'Steam', 'Хоррор', 'Полноценный ремейк культового хоррор-экшена 2004 года с современной графикой и переработанным геймплеем. Агент Леон Кеннеди спасает дочь президента из европейской деревни, заражённой паразитами. Gold Edition включает режим «Кровавые деньги» Separate Ways и режим Mercenaries. Напряжённые бои, головоломки и атмосфера survival horror. Ключ Steam, доставка сразу после оплаты.', 'resident-evil-4-gold.jpg', '1', '0', '0', '2026-05-15 20:45:08', '2026-05-21 23:21:28');
INSERT INTO "products" ("id", "category_id", "name", "slug", "price", "old_price", "platform", "genre", "description", "image", "available", "is_featured", "is_preorder", "created_at", "updated_at") VALUES ('16', '2', 'Elden Ring: Nightreign', 'elden-ring-nightreign', '2299', NULL, 'Steam', 'RPG', 'Кооперативное приключение во вселенной Elden Ring от FromSoftware на троих игроков. Каждые три дня мир поглощает катастрофа — вам предстоит выжить три ночи, исследуя процедурно меняющиеся земли Лимгрейва. Уникальные герои с особыми способностями, совместные боссы и напряжённые рогалик-сессии. Отдельная история в духе souls-like. Лицензионный ключ Steam.', 'elden-ring-nightreign.jpg', '1', '1', '0', '2026-05-15 20:45:08', '2026-05-21 23:21:28');
INSERT INTO "products" ("id", "category_id", "name", "slug", "price", "old_price", "platform", "genre", "description", "image", "available", "is_featured", "is_preorder", "created_at", "updated_at") VALUES ('17', '2', 'Kingdom Come: Deliverance II — Royal Edition', 'kingdom-come-deliverance-2', '2299', NULL, 'Steam', 'RPG', 'Продолжение реалистичной средневековой RPG от Warhorse Studios. Генрих Шкодержевед продолжает путь в XV веке: политические интриги, честные поединки на мечах, репутация и выживание без магии. Royal Edition включает все DLC и бонусный контент. Глубокий сюжет, открытый мир и историческая достоверность. Ключ активации Steam.', 'kingdom-come-deliverance-2.jpg', '1', '0', '0', '2026-05-15 20:45:08', '2026-05-21 23:21:28');
INSERT INTO "products" ("id", "category_id", "name", "slug", "price", "old_price", "platform", "genre", "description", "image", "available", "is_featured", "is_preorder", "created_at", "updated_at") VALUES ('18', '2', 'Dragon''s Dogma 2', 'dragons-dogma-2', '1999', NULL, 'Steam', 'RPG', 'Масштабная экшен-RPG с открытым миром от Capcom. Создайте героя-Arisen, сражайтесь с гигантскими драконами, используя систему «взбирания» на врагов, и командуйте пешками — ИИ-спутниками с уникальными классами. Два обширных королевства, динамичные квесты и свобода билдов. Полная версия для Steam. Мгновенная выдача ключа после оплаты.', 'dragons-dogma-2.jpg', '1', '0', '0', '2026-05-15 20:45:08', '2026-05-21 23:21:28');
INSERT INTO "products" ("id", "category_id", "name", "slug", "price", "old_price", "platform", "genre", "description", "image", "available", "is_featured", "is_preorder", "created_at", "updated_at") VALUES ('19', '3', 'Hearts of Iron IV: Cadet Edition', 'hearts-of-iron-4', '775', NULL, 'Steam', 'Стратегия', 'Глобальная стратегия Второй мировой войны от Paradox Interactive. Управляйте любой нацией 1936–1948 годов: дипломатия, промышленность, исследования и масштабные фронты. Cadet Edition — базовая версия, идеальная для знакомства с серией; DLC приобретаются отдельно. Глубокий симулятор войны с тысячами модов в Workshop. Ключ Steam.', 'hearts-of-iron-4.jpg', '1', '0', '0', '2026-05-15 20:45:08', '2026-05-21 23:21:28');
INSERT INTO "products" ("id", "category_id", "name", "slug", "price", "old_price", "platform", "genre", "description", "image", "available", "is_featured", "is_preorder", "created_at", "updated_at") VALUES ('20', '3', 'Stellaris — Anniversary Edition', 'stellaris-anniversary', '3495', NULL, 'Steam', 'Стратегия', 'Космическая гранд-стратегия 4X в реальном времени: исследуйте галактику, колонизируйте планеты, встречайте инопланетные империи и ведите войны за звёзды. Anniversary Edition включает базовую игру и набор стартового DLC. Процедурные карты, кастомные расы и бесконечные сценарии «а что, если». Ключ Steam с быстрой доставкой.', 'stellaris-anniversary.jpg', '1', '0', '0', '2026-05-15 20:45:08', '2026-05-21 23:21:28');
INSERT INTO "products" ("id", "category_id", "name", "slug", "price", "old_price", "platform", "genre", "description", "image", "available", "is_featured", "is_preorder", "created_at", "updated_at") VALUES ('21', '3', 'Heroes of Might and Magic: Olden Era', 'heroes-might-magic-olden-era', '995', NULL, 'Steam', 'Стратегия', 'Возрождение легендарной пошаговой стратегии Heroes of Might and Magic. Исследуйте карту, захватывайте ресурсы, нанимайте армии и сражайтесь в тактических боях на гексагональном поле. Новые фракции, герои и сюжетная кампания в духе классики. Для поклонников HoMM III и V. Цифровой ключ Steam.', 'heroes-might-magic-olden-era.jpg', '1', '1', '0', '2026-05-15 20:45:08', '2026-05-21 23:21:28');
INSERT INTO "products" ("id", "category_id", "name", "slug", "price", "old_price", "platform", "genre", "description", "image", "available", "is_featured", "is_preorder", "created_at", "updated_at") VALUES ('22', '4', 'Gothic 1 Remake', 'gothic-1-remake', '2495', NULL, 'Steam', 'RPG', 'Предзаказ полноценного ремейка культовой RPG 2001 года от THQ Nordic и Alkimia Interactive. Обновлённая графика, современное управление и знакомый мир Нижней и Внешней долины с тремя лагерями и жёсткими моральными выборами. Ключ будет отправлен на email в день релиза Steam. Гарантия активации и поддержка при предзаказе.', 'gothic-1-remake.jpg', '1', '0', '1', '2026-05-15 20:45:08', '2026-05-21 23:21:28');
INSERT INTO "products" ("id", "category_id", "name", "slug", "price", "old_price", "platform", "genre", "description", "image", "available", "is_featured", "is_preorder", "created_at", "updated_at") VALUES ('23', '4', 'Directive 8020 — Digital Deluxe', 'directive-8020-deluxe', '3999', NULL, 'Steam', 'Приключения', 'Интерактивный хоррор-триллер от Supermassive Games — духовный наследник Until Dawn и The Quarry. Космическая колония сталкивается с инопланетной угрозой, а решения игрока определяют, кто выживет. Digital Deluxe включает бонусные эпизоды и косметику. Кинематографическая подача и кооперативный режим. Предзаказ: ключ в день выхода.', 'directive-8020-deluxe.jpg', '1', '0', '1', '2026-05-15 20:45:08', '2026-05-21 23:21:28');
INSERT INTO "products" ("id", "category_id", "name", "slug", "price", "old_price", "platform", "genre", "description", "image", "available", "is_featured", "is_preorder", "created_at", "updated_at") VALUES ('24', '1', 'Dark Souls III — Deluxe Edition', 'dark-souls-3-deluxe', '2999', NULL, 'Steam', 'Экшен', 'Заключительная часть трилогии souls-like от FromSoftware. Исследуйте королевство Лотрик, сражайтесь с эпическими боссами и собирайте души для прокачки. Deluxe Edition включает базовую игру и Season Pass с DLC Ashes of Ariandel и The Ringed City. Высокая сложность, точный бой и богатый лор. Ключ Steam, мгновенная доставка.', 'dark-souls-3-deluxe.jpg', '1', '0', '0', '2026-05-15 20:45:09', '2026-05-21 23:21:28');
INSERT INTO "products" ("id", "category_id", "name", "slug", "price", "old_price", "platform", "genre", "description", "image", "available", "is_featured", "is_preorder", "created_at", "updated_at") VALUES ('25', '2', 'Baldur''s Gate 3', 'baldurs-gate-3', '2999', NULL, 'Steam', 'RPG', 'Масштабная RPG по правилам D&D 5-й редакции от Larian Studios — победитель The Game Awards. Создайте отряд из уникальных спутников, принимайте решения с последствиями на весь сюжет, сражайтесь в пошаговых тактических боях. Кооператив до 4 игроков, сотни часов контента и свобода прохождения. Полная версия для Steam. Ключ приходит на почту сразу после оплаты.', 'baldurs-gate-3.jpg', '1', '1', '0', '2026-05-15 20:45:09', '2026-05-21 23:21:28');
INSERT INTO "products" ("id", "category_id", "name", "slug", "price", "old_price", "platform", "genre", "description", "image", "available", "is_featured", "is_preorder", "created_at", "updated_at") VALUES ('26', '2', 'Cyberpunk 2077', 'cyberpunk-2077', '1499', NULL, 'Steam', 'RPG', 'Открытый мир Night City от CD PROJEKT RED — киберпанк-RPG с видом от первого лица. Играйте за V, прокачивайте импланты, выполняйте заказы и раскрывайте заговоры корпораций. Обновление 2.0 и дополнение Phantom Liberty значительно расширили контент. Глубокий сюжет, стильная атмосфера и свобода стиля прохождения. Лицензионный ключ Steam.', 'cyberpunk-2077.jpg', '1', '1', '0', '2026-05-15 20:45:09', '2026-05-21 23:21:28');
INSERT INTO "products" ("id", "category_id", "name", "slug", "price", "old_price", "platform", "genre", "description", "image", "available", "is_featured", "is_preorder", "created_at", "updated_at") VALUES ('27', '1', 'Black Myth: Wukong', 'black-myth-wukong', '3599', NULL, 'Steam', 'Экшен', 'Экшен-RPG по мотивам «Путешествия на Запад» от Game Science — один из главных хитов Steam 2024 года. Играйте за Послушника, осваивайте трансформации и сражайтесь с мифическими боссами в духе souls-like. Потрясающая визуальная подача на Unreal Engine 5 и кинематографические кат-сцены. Ключ Steam Region Free.', 'black-myth-wukong.jpg', '1', '1', '0', '2026-05-15 20:45:09', '2026-05-21 23:21:28');
INSERT INTO "products" ("id", "category_id", "name", "slug", "price", "old_price", "platform", "genre", "description", "image", "available", "is_featured", "is_preorder", "created_at", "updated_at") VALUES ('28', '1', 'Grand Theft Auto V', 'gta-v', '999', NULL, 'Steam', 'Экшен', 'Легендарный криминальный экшен от Rockstar Games в Лос-Сантосе. Три протагониста, ограбления, открытый мир и режим GTA Online с регулярными обновлениями. Сотни часов контента: гонки, бизнесы, хейсты и PvP. Версия для Steam включает доступ к GTA Online. Цифровой ключ с мгновенной активацией.', 'gta-v.jpg', '1', '0', '0', '2026-05-15 20:45:09', '2026-05-21 23:21:28');
INSERT INTO "products" ("id", "category_id", "name", "slug", "price", "old_price", "platform", "genre", "description", "image", "available", "is_featured", "is_preorder", "created_at", "updated_at") VALUES ('29', '1', 'Red Dead Redemption 2', 'red-dead-redemption-2', '1999', NULL, 'Steam', 'Экшен', 'Эпический вестерн от Rockstar Games о банде Ван дер Линде в упадке Дикого Запада. Огромный живой мир, охота, дуэли, честь и драматический сюжет Артура Моргана. Один из самых детализированных open-world проектов в истории. Red Dead Online включён. Ключ Steam, доставка на email в течение минут.', 'red-dead-redemption-2.jpg', '1', '0', '0', '2026-05-15 20:45:09', '2026-05-21 23:21:28');
INSERT INTO "products" ("id", "category_id", "name", "slug", "price", "old_price", "platform", "genre", "description", "image", "available", "is_featured", "is_preorder", "created_at", "updated_at") VALUES ('30', '2', 'Hogwarts Legacy', 'hogwarts-legacy', '1299', NULL, 'Steam', 'RPG', 'Открытый мир волшебства в Хогвартсе XIX века. Создайте студента, посещайте уроки заклинаний, исследуйте замок и окрестности, сражайтесь с тёмными магами и раскрывайте древнюю тайну. RPG с прокачкой, полётами на метле и богатой коллекцией заклинаний. Официальная лицензия Wizarding World. Ключ Steam.', 'hogwarts-legacy.jpg', '1', '0', '0', '2026-05-15 20:45:09', '2026-05-21 23:21:28');
INSERT INTO "products" ("id", "category_id", "name", "slug", "price", "old_price", "platform", "genre", "description", "image", "available", "is_featured", "is_preorder", "created_at", "updated_at") VALUES ('31', '1', 'Palworld', 'palworld', '999', NULL, 'Steam', 'Выживание', 'Мультиплеерное выживание с крафтом и сбором существ-палов. Стройте базы, разводите палов для работы и боя, исследуйте остров и сражайтесь с боссами. Кооператив до 4 игроков на одном сервере, PvP-режимы и постоянные обновления контента. Смесь survival, строительства и коллекционирования. Ключ Steam.', 'palworld.jpg', '1', '0', '0', '2026-05-15 20:45:09', '2026-05-21 23:21:28');
INSERT INTO "products" ("id", "category_id", "name", "slug", "price", "old_price", "platform", "genre", "description", "image", "available", "is_featured", "is_preorder", "created_at", "updated_at") VALUES ('32', '2', 'The Witcher 3: Wild Hunt — GOTY', 'witcher-3-goty', '399', NULL, 'Steam', 'RPG', 'Game of the Year Edition — полное издание культовой RPG от CD PROJEKT RED. Охотник на чудовищ Геральт ищет Цири в войне, наполненной мирами, моральными дилеммами и сотнями квестов. Включены дополнения «Каменные сердца» и «Кровь и вино». Один из лучших сюжетов в жанре. Ключ Steam по выгодной цене.', 'witcher-3-goty.jpg', '1', '0', '0', '2026-05-15 20:45:09', '2026-05-21 23:21:28');
INSERT INTO "products" ("id", "category_id", "name", "slug", "price", "old_price", "platform", "genre", "description", "image", "available", "is_featured", "is_preorder", "created_at", "updated_at") VALUES ('33', '1', 'Sekiro: Shadows Die Twice', 'sekiro', '2499', NULL, 'Steam', 'Экшен', 'Экшен от FromSoftware в феодальной Японии. Мастерски отрабатывайте парирования, используйте протез-руку с различными гаджетами и сражайтесь с легендарными боссами. Акцент на точном тайминге, а не на прокачке уровня. Лауреат Game of the Year 2019. Ключ Steam, мгновенная доставка.', 'sekiro.jpg', '1', '0', '0', '2026-05-15 20:45:09', '2026-05-21 23:21:28');
INSERT INTO "products" ("id", "category_id", "name", "slug", "price", "old_price", "platform", "genre", "description", "image", "available", "is_featured", "is_preorder", "created_at", "updated_at") VALUES ('34', '1', 'Hades II', 'hades-2', '849', NULL, 'Steam', 'Roguelike', 'Продолжение хита Hades от Supergiant Games в жанре roguelike. Играйте за Мелиною, колдунью и принцессу Аида, сражайтесь с хтоническими богами и оттачивайте билды в процедурных забегах. Блестящий сценарий, озвучка и визуальный стиль. Ранний доступ с регулярными крупными обновлениями. Ключ Steam.', 'hades-2.jpg', '1', '0', '0', '2026-05-15 20:45:10', '2026-05-21 23:21:28');
INSERT INTO "products" ("id", "category_id", "name", "slug", "price", "old_price", "platform", "genre", "description", "image", "available", "is_featured", "is_preorder", "created_at", "updated_at") VALUES ('35', '1', 'Monster Hunter: World', 'monster-hunter-world', '499', NULL, 'Steam', 'Экшен', 'Охота на гигантских монстров в кооперативе до 4 игроков. Собирайте ресурсы, крафтите оружие и броню из частей трофеев, изучайте повадки каждого вида. Обширный мир и дополнение Iceborne (приобретается отдельно). Идеальная точка входа в серию Monster Hunter. Ключ Steam.', 'monster-hunter-world.jpg', '1', '0', '0', '2026-05-15 20:45:10', '2026-05-21 23:21:28');
INSERT INTO "products" ("id", "category_id", "name", "slug", "price", "old_price", "platform", "genre", "description", "image", "available", "is_featured", "is_preorder", "created_at", "updated_at") VALUES ('36', '1', 'Lies of P', 'lies-of-p', '1999', NULL, 'Steam', 'Souls-like', 'Souls-like в стилистике тёмного Пиноккио — Белый замок Крата и механические куклы. Гибкая система оружия, ложные воспоминания и моральные выборы влияют на концовку. Высокие оценки игроков Steam за боевую систему и атмосферу. От создателей, вдохновлённых Bloodborne. Ключ активации Steam.', 'lies-of-p.jpg', '1', '0', '0', '2026-05-15 20:45:10', '2026-05-21 23:21:28');
INSERT INTO "products" ("id", "category_id", "name", "slug", "price", "old_price", "platform", "genre", "description", "image", "available", "is_featured", "is_preorder", "created_at", "updated_at") VALUES ('37', '1', 'Warhammer 40,000: Space Marine 2', 'space-marine-2', '2499', '3999', 'Steam', 'Экшен', 'Масштабный кооперативный шутер от третьего лица во вселенной Warhammer 40,000. Капитан Титус сражается с ордами тиранидов в режиме «мясорубки» на троих игроков. Кинематографичные сцены, прокачка и PvP-режим Eternal War. Для фанатов 40k и экшен-серий. Ключ Steam с быстрой выдачей.', 'space-marine-2.jpg', '1', '0', '0', '2026-05-15 20:45:10', '2026-05-21 23:21:28');
INSERT INTO "products" ("id", "category_id", "name", "slug", "price", "old_price", "platform", "genre", "description", "image", "available", "is_featured", "is_preorder", "created_at", "updated_at") VALUES ('38', '1', 'Rust', 'rust', '699', '1299', 'Steam', 'Выживание', 'Хардкорное мультиплеерное выживание на острове: собирайте ресурсы, стройте базы, рейдьте соседей и защищайтесь от других игроков. PvP-ориентированный геймплей, вайпы серверов и постоянная напряжённость. Один из самых популярных survival-проектов Steam. Требуется подключение к интернету. Ключ Steam.', 'rust.jpg', '1', '0', '0', '2026-05-15 20:45:10', '2026-05-21 23:21:28');
INSERT INTO "products" ("id", "category_id", "name", "slug", "price", "old_price", "platform", "genre", "description", "image", "available", "is_featured", "is_preorder", "created_at", "updated_at") VALUES ('39', '1', 'Valheim', 'valheim', '349', NULL, 'Steam', 'Выживание', 'Викингское выживание с кооперативом до 10 игроков. Исследуйте процедурный мир, стройте длинные дома, побеждайте мифических боссов и крафтите экипировку эпохи викингов. Спокойное строительство сочетается с эпичными сражениями. Отличный выбор для игры с друзьями. Ключ Steam по низкой цене.', 'valheim.jpg', '1', '0', '0', '2026-05-15 20:45:10', '2026-05-21 23:21:28');
INSERT INTO "products" ("id", "category_id", "name", "slug", "price", "old_price", "platform", "genre", "description", "image", "available", "is_featured", "is_preorder", "created_at", "updated_at") VALUES ('40', '1', 'Terraria', 'terraria', '249', NULL, 'Steam', 'Песочница', '2D-песочница с бесконечным контентом: копайте, стройте, сражайтесь с боссами и исследуйте подземелья. Сотни предметов, NPC, события и режим Master Mode. Кооператив и локальный мультиплеер. Один из самых продаваемых инди-хитов Steam за всю историю. Ключ доставляется мгновенно.', 'terraria.jpg', '1', '0', '0', '2026-05-15 20:45:10', '2026-05-21 23:21:28');
INSERT INTO "products" ("id", "category_id", "name", "slug", "price", "old_price", "platform", "genre", "description", "image", "available", "is_featured", "is_preorder", "created_at", "updated_at") VALUES ('41', '3', 'RimWorld', 'rimworld', '649', NULL, 'Steam', 'Симулятор', 'Колоний-симулятор с процедурными историями: управляйте выжившими на чужой планете, стройте базу, лечите раны и отражайте рейды. Уникальный ИИ-рассказчик создаёт драму из случайных событий. Глубокая моддинг-сцена. Для любителей Dwarf Fortress и survival-стратегий. Ключ Steam.', 'rimworld.jpg', '1', '0', '0', '2026-05-15 20:45:10', '2026-05-21 23:21:28');
INSERT INTO "products" ("id", "category_id", "name", "slug", "price", "old_price", "platform", "genre", "description", "image", "available", "is_featured", "is_preorder", "created_at", "updated_at") VALUES ('42', '3', 'Cities: Skylines II', 'cities-skylines-2', '1999', NULL, 'Steam', 'Симулятор', 'Градостроительный симулятор нового поколения от Colossal Order. Проектируйте дороги, зонирование, транспорт и экономику растущего мегаполиса с реалистичной симуляцией. Улучшенная графика и масштаб по сравнению с первой частью. Для любителей SimCity и градостроения. Ключ Steam.', 'cities-skylines-2.jpg', '1', '0', '0', '2026-05-15 20:45:10', '2026-05-21 23:21:28');
INSERT INTO "products" ("id", "category_id", "name", "slug", "price", "old_price", "platform", "genre", "description", "image", "available", "is_featured", "is_preorder", "created_at", "updated_at") VALUES ('43', '2', 'Fallout 4', 'fallout-4', '499', NULL, 'Steam', 'RPG', 'Постапокалиптическая RPG от Bethesda в Содружестве. Ищите сына после ядерной войны, стройте поселения, модифицируйте оружие и исследуйте руины Бостона. Система VATS, фракции и сотни часов побочного контента. Один из столпов серии Fallout. Ключ Steam Game of the Year Edition (базовая версия).', 'fallout-4.jpg', '1', '0', '0', '2026-05-15 20:45:10', '2026-05-21 23:21:28');
INSERT INTO "products" ("id", "category_id", "name", "slug", "price", "old_price", "platform", "genre", "description", "image", "available", "is_featured", "is_preorder", "created_at", "updated_at") VALUES ('46', '1', 'Devil May Cry 5', 'devil-may-cry-5', '999', NULL, 'Steam', 'Экшен', 'Стильный слэшер от Capcom с тремя играбельными героями и динамичной боевой системой. Комбо, ранги стиля и эпичные боссы в демоническом Нижнем городе. Кооператив Ghost Mode после прохождения. Один из лучших экшенов последних лет по отзывам Steam. Лицензионный ключ с мгновенной доставкой.', 'devil-may-cry-5.jpg', '1', '0', '0', '2026-05-15 21:29:54', '2026-05-21 23:21:28');
INSERT INTO "products" ("id", "category_id", "name", "slug", "price", "old_price", "platform", "genre", "description", "image", "available", "is_featured", "is_preorder", "created_at", "updated_at") VALUES ('47', '2', 'Starfield', 'starfield', '2999', NULL, 'Steam', 'RPG', 'Космическая RPG от Bethesda Game Studios: исследуйте сотни планет, стройте корабли, вступайте во фракции и создавайте собственную историю среди звёзд. Глубокая кастомизация персонажа, баз на планетах и сюжетные квесты. Новая вселенная от авторов The Elder Scrolls и Fallout. Ключ Steam Region Free.', 'starfield.jpg', '1', '0', '0', '2026-05-15 21:29:54', '2026-05-21 23:21:28');

CREATE TABLE "profiles" ("id" integer primary key autoincrement not null, "user_id" integer not null, "phone" varchar, "avatar" varchar, "created_at" datetime, "updated_at" datetime, "steam_id" varchar, "steam_profile_url" varchar, "first_name" varchar, "last_name" varchar, "contact_email" varchar, foreign key("user_id") references "users"("id") on delete cascade);

INSERT INTO "profiles" ("id", "user_id", "phone", "avatar", "created_at", "updated_at", "steam_id", "steam_profile_url", "first_name", "last_name", "contact_email") VALUES ('1', '2', '+7 (999) 100-20-30', NULL, '2026-05-15 19:56:58', '2026-05-15 19:56:58', NULL, NULL, NULL, NULL, NULL);
INSERT INTO "profiles" ("id", "user_id", "phone", "avatar", "created_at", "updated_at", "steam_id", "steam_profile_url", "first_name", "last_name", "contact_email") VALUES ('2', '1', '+7 (951) 997-33-52', 'avatars/w18Ghl9KH1CcBWhxDP95aPJuqJ1BQlKahl590IqO.jpg', '2026-05-15 21:34:13', '2026-05-22 01:05:05', '32313213123222111', 'https://steamcommunity.com/profiles/76561198983800124/', 'Администратор', 'Гаврилов', 'admin@playgg.ru');

CREATE TABLE "promo_codes" ("id" integer primary key autoincrement not null, "code" varchar not null, "type" varchar not null, "value" numeric not null, "min_order_amount" numeric, "max_uses" integer, "used_count" integer not null default '0', "starts_at" datetime, "expires_at" datetime, "is_active" tinyint(1) not null default '1', "created_at" datetime, "updated_at" datetime);

INSERT INTO "promo_codes" ("id", "code", "type", "value", "min_order_amount", "max_uses", "used_count", "starts_at", "expires_at", "is_active", "created_at", "updated_at") VALUES ('1', 'GG322', 'fixed', '199', NULL, '1', '0', '2026-05-16 01:16:00', '2026-05-17 01:16:00', '1', '2026-05-15 22:16:16', '2026-05-15 22:16:16');
INSERT INTO "promo_codes" ("id", "code", "type", "value", "min_order_amount", "max_uses", "used_count", "starts_at", "expires_at", "is_active", "created_at", "updated_at") VALUES ('2', 'TEST', 'percent', '20', '0', '2', '1', NULL, NULL, '1', '2026-05-22 00:19:10', '2026-05-22 00:50:59');

CREATE TABLE "sessions" ("id" varchar not null, "user_id" integer, "ip_address" varchar, "user_agent" text, "payload" text not null, "last_activity" integer not null, primary key ("id"));

INSERT INTO "sessions" ("id", "user_id", "ip_address", "user_agent", "payload", "last_activity") VALUES ('b9gInMQHHMYFl8fOkj5aVWBV1Rm72BnHCCrp9DiK', '1', '127.0.0.1', 'Mozilla/5.0 (Windows NT 10.0; Win64; x64) AppleWebKit/537.36 (KHTML, like Gecko) Chrome/148.0.0.0 Safari/537.36', 'eyJfdG9rZW4iOiIyRDlTUzdMZVd5YWJMRXdyZ2tYR2w3SnYxSlQyUEZVcHoxVlVqWGFmIiwibG9naW5fd2ViXzU5YmEzNmFkZGMyYjJmOTQwMTU4MGYwMTRjN2Y1OGVhNGUzMDk4OWQiOjEsIl9wcmV2aW91cyI6eyJ1cmwiOiJodHRwOlwvXC8xMjcuMC4wLjE6ODAwMFwvYWRtaW5cL2NvbnRhY3RzIiwicm91dGUiOiJhZG1pbi5jb250YWN0cy5pbmRleCJ9LCJfZmxhc2giOnsib2xkIjpbXSwibmV3IjpbXX19', '1779401235');
INSERT INTO "sessions" ("id", "user_id", "ip_address", "user_agent", "payload", "last_activity") VALUES ('mCcSMlYbRlXeObft0OfReWzEb9lPDkdn0DacK0V5', '1', '127.0.0.1', 'Mozilla/5.0 (Windows NT 10.0; Win64; x64) AppleWebKit/537.36 (KHTML, like Gecko) Chrome/148.0.0.0 Safari/537.36', 'eyJfdG9rZW4iOiJQZ01iQjhoM0RhcGllWHRFY2d5SmVKcVNxRDRtZkxOUVltcHA0T21BIiwiX3ByZXZpb3VzIjp7InVybCI6Imh0dHA6XC9cLzEyNy4wLjAuMTo4MDAwXC9hZG1pbiIsInJvdXRlIjoiYWRtaW4uZGFzaGJvYXJkIn0sIl9mbGFzaCI6eyJvbGQiOltdLCJuZXciOltdfSwibG9naW5fd2ViXzU5YmEzNmFkZGMyYjJmOTQwMTU4MGYwMTRjN2Y1OGVhNGUzMDk4OWQiOjF9', '1779406297');

CREATE TABLE "steam_topups" ("id" integer primary key autoincrement not null, "user_id" integer not null, "steam_id" varchar not null, "amount" numeric not null, "email" varchar not null, "status" varchar not null default 'pending', "paid" tinyint(1) not null default '0', "created_at" datetime, "updated_at" datetime, foreign key("user_id") references "users"("id") on delete cascade);

INSERT INTO "steam_topups" ("id", "user_id", "steam_id", "amount", "email", "status", "paid", "created_at", "updated_at") VALUES ('1', '1', '32313213123222111', '500', 'admin@playgg.ru', 'processing', '1', '2026-05-15 21:57:39', '2026-05-15 21:58:06');

CREATE TABLE "users" ("id" integer primary key autoincrement not null, "name" varchar not null, "email" varchar not null, "email_verified_at" datetime, "password" varchar not null, "remember_token" varchar, "created_at" datetime, "updated_at" datetime, "is_admin" tinyint(1) not null default '0');

INSERT INTO "users" ("id", "name", "email", "email_verified_at", "password", "remember_token", "created_at", "updated_at", "is_admin") VALUES ('1', 'Администратор', 'admin@playgg.ru', NULL, '$2y$12$A9pt586DjHWR5xP5ww9DfOfaPl8247g8KVXbCivBUNO4zSu5KmCPS', 'D9Ppgx8gxiJkTDmCDaLqshw3Lunl7ef70EU9ViraR9c0Ji5NAg1RBrroLd6D', '2026-05-15 19:56:58', '2026-05-15 20:11:08', '1');
INSERT INTO "users" ("id", "name", "email", "email_verified_at", "password", "remember_token", "created_at", "updated_at", "is_admin") VALUES ('2', 'demo', 'demo@playgg.ru', NULL, '$2y$12$MFBtrMNfOCWtuw9mA8bkoOhc3uJrmQ4UiAQevnkexZR8szs8WmsiC', NULL, '2026-05-15 19:56:58', '2026-05-15 20:11:08', '0');

COMMIT;
